{
  "Acura": "Acura",
  "Alfa Romeo": "Alfa Romeo",
  "Aston Martin": "Aston Martin",
  "Audi": "Audi",
  "Bentley": "Bentley",
  "BMW": "BMW",
  "Buick": "Buick",
  "Cadillac": "Cadillac",
  "Chevrolet": "Chevrolet",
  "Chevy": "Chevrolet",
  "Chrysler": "Chrysler",
  "Daewoo": "Daewoo",
  "Dodge": "Dodge",
  "Eagle": "Eagle",
  "Ferrari": "Ferrari",
  "FIAT": "FIAT",
  "Fisker": "Fisker",
  "Ford": "Ford",
  "Geo": "Geo",
  "GMC": "GMC",
  "Honda": "Honda",
  "HUMMER": "HUMMER",
  "Hyundai": "Hyundai",
  "Infiniti": "Infinity",
  "Infinity": "Infinity",
  "Isuzu": "Isuzu",
  "Jaguar": "Jaguar",
  "Jeep": "Jeep",
  "Kia": "Kia",
  "Lamborghini": "Lamborghini",
  "Land Rover": "Land Rover",
  "Lexus": "Lexus",
  "Lincoln": "Lincoln",
  "Lotus": "Lotus",
  "Maserati": "Maserati",
  "Maybach": "Maybach",
  "Mazda": "Mazda",
  "McLaren": "McLaren",
  "Mercedes-Benz": "Mercedes-Benz",
  "Mercedes": "Mercedes-Benz",
  "Mercedes Benz": "Mercedes-Benz",
  "Mercury": "Mercury",
  "MINI": "MINI",
  "Mitsubishi": "Mitsubishi",
  "Nissan": "Nissan",
  "Oldsmobile": "Oldsmobile",
  "Panoz": "Panoz",
  "Plymouth": "Plymouth",
  "Pontiac": "Pontiac",
  "Porsche": "Porsche",
  "Ram": "Ram",
  "Rolls-Royce": "Rolls-Royce",
  "Saab": "Saab",
  "Saturn": "Saturn",
  "Scion": "Scion",
  "smart": "smart",
  "SRT": "SRT",
  "Subaru": "Subaru",
  "Suzuki": "Suzuki",
  "Tesla": "Tesla",
  "Toyota": "Toyota",
  "Volkswagen": "Volkswagen",
  "Volvo": "Volvo"
}